date,year,month,day,day_of_week,weekend_flag,season,month_name,day_name,quarter
2023-01-01,2023,1,1,1,1,Winter,January,Sunday,1
2023-01-02,2023,1,2,2,0,Winter,January,Monday,1
2023-01-03,2023,1,3,3,0,Winter,January,Tuesday,1
2023-01-04,2023,1,4,4,0,Winter,January,Wednesday,1
2023-01-05,2023,1,5,5,0,Winter,January,Thursday,1
2023-01-06,2023,1,6,6,0,Winter,January,Friday,1
2023-01-07,2023,1,7,7,1,Winter,January,Saturday,1
2023-01-08,2023,1,8,1,1,Winter,January,Sunday,1
2023-01-09,2023,1,9,2,0,Winter,January,Monday,1
2023-01-10,2023,1,10,3,0,Winter,January,Tuesday,1
2023-01-11,2023,1,11,4,0,Winter,January,Wednesday,1
2023-01-12,2023,1,12,5,0,Winter,January,Thursday,1
2023-01-13,2023,1,13,6,0,Winter,January,Friday,1
2023-01-14,2023,1,14,7,1,Winter,January,Saturday,1
2023-01-15,2023,1,15,1,1,Winter,January,Sunday,1
2023-01-16,2023,1,16,2,0,Winter,January,Monday,1
2023-01-17,2023,1,17,3,0,Winter,January,Tuesday,1
2023-01-18,2023,1,18,4,0,Winter,January,Wednesday,1
2023-01-19,2023,1,19,5,0,Winter,January,Thursday,1
2023-01-20,2023,1,20,6,0,Winter,January,Friday,1
2023-01-21,2023,1,21,7,1,Winter,January,Saturday,1
2023-01-22,2023,1,22,1,1,Winter,January,Sunday,1
2023-01-23,2023,1,23,2,0,Winter,January,Monday,1
2023-01-24,2023,1,24,3,0,Winter,January,Tuesday,1
2023-01-25,2023,1,25,4,0,Winter,January,Wednesday,1
2023-01-26,2023,1,26,5,0,Winter,January,Thursday,1
2023-01-27,2023,1,27,6,0,Winter,January,Friday,1
2023-01-28,2023,1,28,7,1,Winter,January,Saturday,1
2023-01-29,2023,1,29,1,1,Winter,January,Sunday,1
2023-01-30,2023,1,30,2,0,Winter,January,Monday,1
2023-01-31,2023,1,31,3,0,Winter,January,Tuesday,1
2023-02-01,2023,2,1,4,0,Winter,February,Wednesday,1
2023-02-02,2023,2,2,5,0,Winter,February,Thursday,1
2023-02-03,2023,2,3,6,0,Winter,February,Friday,1
2023-02-04,2023,2,4,7,1,Winter,February,Saturday,1
2023-02-05,2023,2,5,1,1,Winter,February,Sunday,1
2023-02-06,2023,2,6,2,0,Winter,February,Monday,1
2023-02-07,2023,2,7,3,0,Winter,February,Tuesday,1
2023-02-08,2023,2,8,4,0,Winter,February,Wednesday,1
2023-02-09,2023,2,9,5,0,Winter,February,Thursday,1
2023-02-10,2023,2,10,6,0,Winter,February,Friday,1
2023-02-11,2023,2,11,7,1,Winter,February,Saturday,1
2023-02-12,2023,2,12,1,1,Winter,February,Sunday,1
2023-02-13,2023,2,13,2,0,Winter,February,Monday,1
2023-02-14,2023,2,14,3,0,Winter,February,Tuesday,1
2023-02-15,2023,2,15,4,0,Winter,February,Wednesday,1
2023-02-16,2023,2,16,5,0,Winter,February,Thursday,1
2023-02-17,2023,2,17,6,0,Winter,February,Friday,1
2023-02-18,2023,2,18,7,1,Winter,February,Saturday,1
2023-02-19,2023,2,19,1,1,Winter,February,Sunday,1
2023-02-20,2023,2,20,2,0,Winter,February,Monday,1
2023-02-21,2023,2,21,3,0,Winter,February,Tuesday,1
2023-02-22,2023,2,22,4,0,Winter,February,Wednesday,1
2023-02-23,2023,2,23,5,0,Winter,February,Thursday,1
2023-02-24,2023,2,24,6,0,Winter,February,Friday,1
2023-02-25,2023,2,25,7,1,Winter,February,Saturday,1
2023-02-26,2023,2,26,1,1,Winter,February,Sunday,1
2023-02-27,2023,2,27,2,0,Winter,February,Monday,1
2023-02-28,2023,2,28,3,0,Winter,February,Tuesday,1
2023-03-01,2023,3,1,4,0,Spring,March,Wednesday,1
2023-03-02,2023,3,2,5,0,Spring,March,Thursday,1
2023-03-03,2023,3,3,6,0,Spring,March,Friday,1
2023-03-04,2023,3,4,7,1,Spring,March,Saturday,1
2023-03-05,2023,3,5,1,1,Spring,March,Sunday,1
2023-03-06,2023,3,6,2,0,Spring,March,Monday,1
2023-03-07,2023,3,7,3,0,Spring,March,Tuesday,1
2023-03-08,2023,3,8,4,0,Spring,March,Wednesday,1
2023-03-09,2023,3,9,5,0,Spring,March,Thursday,1
2023-03-10,2023,3,10,6,0,Spring,March,Friday,1
2023-03-11,2023,3,11,7,1,Spring,March,Saturday,1
2023-03-12,2023,3,12,1,1,Spring,March,Sunday,1
2023-03-13,2023,3,13,2,0,Spring,March,Monday,1
2023-03-14,2023,3,14,3,0,Spring,March,Tuesday,1
2023-03-15,2023,3,15,4,0,Spring,March,Wednesday,1
2023-03-16,2023,3,16,5,0,Spring,March,Thursday,1
2023-03-17,2023,3,17,6,0,Spring,March,Friday,1
2023-03-18,2023,3,18,7,1,Spring,March,Saturday,1
2023-03-19,2023,3,19,1,1,Spring,March,Sunday,1
2023-03-20,2023,3,20,2,0,Spring,March,Monday,1
2023-03-21,2023,3,21,3,0,Spring,March,Tuesday,1
2023-03-22,2023,3,22,4,0,Spring,March,Wednesday,1
2023-03-23,2023,3,23,5,0,Spring,March,Thursday,1
2023-03-24,2023,3,24,6,0,Spring,March,Friday,1
2023-03-25,2023,3,25,7,1,Spring,March,Saturday,1
2023-03-26,2023,3,26,1,1,Spring,March,Sunday,1
2023-03-27,2023,3,27,2,0,Spring,March,Monday,1
2023-03-28,2023,3,28,3,0,Spring,March,Tuesday,1
2023-03-29,2023,3,29,4,0,Spring,March,Wednesday,1
2023-03-30,2023,3,30,5,0,Spring,March,Thursday,1
2023-03-31,2023,3,31,6,0,Spring,March,Friday,1
2023-04-01,2023,4,1,7,1,Spring,April,Saturday,2
2023-04-02,2023,4,2,1,1,Spring,April,Sunday,2
2023-04-03,2023,4,3,2,0,Spring,April,Monday,2
2023-04-04,2023,4,4,3,0,Spring,April,Tuesday,2
2023-04-05,2023,4,5,4,0,Spring,April,Wednesday,2
2023-04-06,2023,4,6,5,0,Spring,April,Thursday,2
2023-04-07,2023,4,7,6,0,Spring,April,Friday,2
2023-04-08,2023,4,8,7,1,Spring,April,Saturday,2
2023-04-09,2023,4,9,1,1,Spring,April,Sunday,2
2023-04-10,2023,4,10,2,0,Spring,April,Monday,2
2023-04-11,2023,4,11,3,0,Spring,April,Tuesday,2
2023-04-12,2023,4,12,4,0,Spring,April,Wednesday,2
2023-04-13,2023,4,13,5,0,Spring,April,Thursday,2
2023-04-14,2023,4,14,6,0,Spring,April,Friday,2
2023-04-15,2023,4,15,7,1,Spring,April,Saturday,2
2023-04-16,2023,4,16,1,1,Spring,April,Sunday,2
2023-04-17,2023,4,17,2,0,Spring,April,Monday,2
2023-04-18,2023,4,18,3,0,Spring,April,Tuesday,2
2023-04-19,2023,4,19,4,0,Spring,April,Wednesday,2
2023-04-20,2023,4,20,5,0,Spring,April,Thursday,2
2023-04-21,2023,4,21,6,0,Spring,April,Friday,2
2023-04-22,2023,4,22,7,1,Spring,April,Saturday,2
2023-04-23,2023,4,23,1,1,Spring,April,Sunday,2
2023-04-24,2023,4,24,2,0,Spring,April,Monday,2
2023-04-25,2023,4,25,3,0,Spring,April,Tuesday,2
2023-04-26,2023,4,26,4,0,Spring,April,Wednesday,2
2023-04-27,2023,4,27,5,0,Spring,April,Thursday,2
2023-04-28,2023,4,28,6,0,Spring,April,Friday,2
2023-04-29,2023,4,29,7,1,Spring,April,Saturday,2
2023-04-30,2023,4,30,1,1,Spring,April,Sunday,2
2023-05-01,2023,5,1,2,0,Spring,May,Monday,2
2023-05-02,2023,5,2,3,0,Spring,May,Tuesday,2
2023-05-03,2023,5,3,4,0,Spring,May,Wednesday,2
2023-05-04,2023,5,4,5,0,Spring,May,Thursday,2
2023-05-05,2023,5,5,6,0,Spring,May,Friday,2
2023-05-06,2023,5,6,7,1,Spring,May,Saturday,2
2023-05-07,2023,5,7,1,1,Spring,May,Sunday,2
2023-05-08,2023,5,8,2,0,Spring,May,Monday,2
2023-05-09,2023,5,9,3,0,Spring,May,Tuesday,2
2023-05-10,2023,5,10,4,0,Spring,May,Wednesday,2
2023-05-11,2023,5,11,5,0,Spring,May,Thursday,2
2023-05-12,2023,5,12,6,0,Spring,May,Friday,2
2023-05-13,2023,5,13,7,1,Spring,May,Saturday,2
2023-05-14,2023,5,14,1,1,Spring,May,Sunday,2
2023-05-15,2023,5,15,2,0,Spring,May,Monday,2
2023-05-16,2023,5,16,3,0,Spring,May,Tuesday,2
2023-05-17,2023,5,17,4,0,Spring,May,Wednesday,2
2023-05-18,2023,5,18,5,0,Spring,May,Thursday,2
2023-05-19,2023,5,19,6,0,Spring,May,Friday,2
2023-05-20,2023,5,20,7,1,Spring,May,Saturday,2
2023-05-21,2023,5,21,1,1,Spring,May,Sunday,2
2023-05-22,2023,5,22,2,0,Spring,May,Monday,2
2023-05-23,2023,5,23,3,0,Spring,May,Tuesday,2
2023-05-24,2023,5,24,4,0,Spring,May,Wednesday,2
2023-05-25,2023,5,25,5,0,Spring,May,Thursday,2
2023-05-26,2023,5,26,6,0,Spring,May,Friday,2
2023-05-27,2023,5,27,7,1,Spring,May,Saturday,2
2023-05-28,2023,5,28,1,1,Spring,May,Sunday,2
2023-05-29,2023,5,29,2,0,Spring,May,Monday,2
2023-05-30,2023,5,30,3,0,Spring,May,Tuesday,2
2023-05-31,2023,5,31,4,0,Spring,May,Wednesday,2
2023-06-01,2023,6,1,5,0,Summer,June,Thursday,2
2023-06-02,2023,6,2,6,0,Summer,June,Friday,2
2023-06-03,2023,6,3,7,1,Summer,June,Saturday,2
2023-06-04,2023,6,4,1,1,Summer,June,Sunday,2
2023-06-05,2023,6,5,2,0,Summer,June,Monday,2
2023-06-06,2023,6,6,3,0,Summer,June,Tuesday,2
2023-06-07,2023,6,7,4,0,Summer,June,Wednesday,2
2023-06-08,2023,6,8,5,0,Summer,June,Thursday,2
2023-06-09,2023,6,9,6,0,Summer,June,Friday,2
2023-06-10,2023,6,10,7,1,Summer,June,Saturday,2
2023-06-11,2023,6,11,1,1,Summer,June,Sunday,2
2023-06-12,2023,6,12,2,0,Summer,June,Monday,2
2023-06-13,2023,6,13,3,0,Summer,June,Tuesday,2
2023-06-14,2023,6,14,4,0,Summer,June,Wednesday,2
2023-06-15,2023,6,15,5,0,Summer,June,Thursday,2
2023-06-16,2023,6,16,6,0,Summer,June,Friday,2
2023-06-17,2023,6,17,7,1,Summer,June,Saturday,2
2023-06-18,2023,6,18,1,1,Summer,June,Sunday,2
2023-06-19,2023,6,19,2,0,Summer,June,Monday,2
2023-06-20,2023,6,20,3,0,Summer,June,Tuesday,2
2023-06-21,2023,6,21,4,0,Summer,June,Wednesday,2
2023-06-22,2023,6,22,5,0,Summer,June,Thursday,2
2023-06-23,2023,6,23,6,0,Summer,June,Friday,2
2023-06-24,2023,6,24,7,1,Summer,June,Saturday,2
2023-06-25,2023,6,25,1,1,Summer,June,Sunday,2
2023-06-26,2023,6,26,2,0,Summer,June,Monday,2
2023-06-27,2023,6,27,3,0,Summer,June,Tuesday,2
2023-06-28,2023,6,28,4,0,Summer,June,Wednesday,2
2023-06-29,2023,6,29,5,0,Summer,June,Thursday,2
2023-06-30,2023,6,30,6,0,Summer,June,Friday,2
2023-07-01,2023,7,1,7,1,Summer,July,Saturday,3
2023-07-02,2023,7,2,1,1,Summer,July,Sunday,3
2023-07-03,2023,7,3,2,0,Summer,July,Monday,3
2023-07-04,2023,7,4,3,0,Summer,July,Tuesday,3
2023-07-05,2023,7,5,4,0,Summer,July,Wednesday,3
2023-07-06,2023,7,6,5,0,Summer,July,Thursday,3
2023-07-07,2023,7,7,6,0,Summer,July,Friday,3
2023-07-08,2023,7,8,7,1,Summer,July,Saturday,3
2023-07-09,2023,7,9,1,1,Summer,July,Sunday,3
2023-07-10,2023,7,10,2,0,Summer,July,Monday,3
2023-07-11,2023,7,11,3,0,Summer,July,Tuesday,3
2023-07-12,2023,7,12,4,0,Summer,July,Wednesday,3
2023-07-13,2023,7,13,5,0,Summer,July,Thursday,3
2023-07-14,2023,7,14,6,0,Summer,July,Friday,3
2023-07-15,2023,7,15,7,1,Summer,July,Saturday,3
2023-07-16,2023,7,16,1,1,Summer,July,Sunday,3
2023-07-17,2023,7,17,2,0,Summer,July,Monday,3
2023-07-18,2023,7,18,3,0,Summer,July,Tuesday,3
2023-07-19,2023,7,19,4,0,Summer,July,Wednesday,3
2023-07-20,2023,7,20,5,0,Summer,July,Thursday,3
2023-07-21,2023,7,21,6,0,Summer,July,Friday,3
2023-07-22,2023,7,22,7,1,Summer,July,Saturday,3
2023-07-23,2023,7,23,1,1,Summer,July,Sunday,3
2023-07-24,2023,7,24,2,0,Summer,July,Monday,3
2023-07-25,2023,7,25,3,0,Summer,July,Tuesday,3
2023-07-26,2023,7,26,4,0,Summer,July,Wednesday,3
2023-07-27,2023,7,27,5,0,Summer,July,Thursday,3
2023-07-28,2023,7,28,6,0,Summer,July,Friday,3
2023-07-29,2023,7,29,7,1,Summer,July,Saturday,3
2023-07-30,2023,7,30,1,1,Summer,July,Sunday,3
2023-07-31,2023,7,31,2,0,Summer,July,Monday,3
2023-08-01,2023,8,1,3,0,Summer,August,Tuesday,3
2023-08-02,2023,8,2,4,0,Summer,August,Wednesday,3
2023-08-03,2023,8,3,5,0,Summer,August,Thursday,3
2023-08-04,2023,8,4,6,0,Summer,August,Friday,3
2023-08-05,2023,8,5,7,1,Summer,August,Saturday,3
2023-08-06,2023,8,6,1,1,Summer,August,Sunday,3
2023-08-07,2023,8,7,2,0,Summer,August,Monday,3
2023-08-08,2023,8,8,3,0,Summer,August,Tuesday,3
2023-08-09,2023,8,9,4,0,Summer,August,Wednesday,3
2023-08-10,2023,8,10,5,0,Summer,August,Thursday,3
2023-08-11,2023,8,11,6,0,Summer,August,Friday,3
2023-08-12,2023,8,12,7,1,Summer,August,Saturday,3
2023-08-13,2023,8,13,1,1,Summer,August,Sunday,3
2023-08-14,2023,8,14,2,0,Summer,August,Monday,3
2023-08-15,2023,8,15,3,0,Summer,August,Tuesday,3
2023-08-16,2023,8,16,4,0,Summer,August,Wednesday,3
2023-08-17,2023,8,17,5,0,Summer,August,Thursday,3
2023-08-18,2023,8,18,6,0,Summer,August,Friday,3
2023-08-19,2023,8,19,7,1,Summer,August,Saturday,3
2023-08-20,2023,8,20,1,1,Summer,August,Sunday,3
2023-08-21,2023,8,21,2,0,Summer,August,Monday,3
2023-08-22,2023,8,22,3,0,Summer,August,Tuesday,3
2023-08-23,2023,8,23,4,0,Summer,August,Wednesday,3
2023-08-24,2023,8,24,5,0,Summer,August,Thursday,3
2023-08-25,2023,8,25,6,0,Summer,August,Friday,3
2023-08-26,2023,8,26,7,1,Summer,August,Saturday,3
2023-08-27,2023,8,27,1,1,Summer,August,Sunday,3
2023-08-28,2023,8,28,2,0,Summer,August,Monday,3
2023-08-29,2023,8,29,3,0,Summer,August,Tuesday,3
2023-08-30,2023,8,30,4,0,Summer,August,Wednesday,3
2023-08-31,2023,8,31,5,0,Summer,August,Thursday,3
2023-09-01,2023,9,1,6,0,Autumn,September,Friday,3
2023-09-02,2023,9,2,7,1,Autumn,September,Saturday,3
2023-09-03,2023,9,3,1,1,Autumn,September,Sunday,3
2023-09-04,2023,9,4,2,0,Autumn,September,Monday,3
2023-09-05,2023,9,5,3,0,Autumn,September,Tuesday,3
2023-09-06,2023,9,6,4,0,Autumn,September,Wednesday,3
2023-09-07,2023,9,7,5,0,Autumn,September,Thursday,3
2023-09-08,2023,9,8,6,0,Autumn,September,Friday,3
2023-09-09,2023,9,9,7,1,Autumn,September,Saturday,3
2023-09-10,2023,9,10,1,1,Autumn,September,Sunday,3
2023-09-11,2023,9,11,2,0,Autumn,September,Monday,3
2023-09-12,2023,9,12,3,0,Autumn,September,Tuesday,3
2023-09-13,2023,9,13,4,0,Autumn,September,Wednesday,3
2023-09-14,2023,9,14,5,0,Autumn,September,Thursday,3
2023-09-15,2023,9,15,6,0,Autumn,September,Friday,3
2023-09-16,2023,9,16,7,1,Autumn,September,Saturday,3
2023-09-17,2023,9,17,1,1,Autumn,September,Sunday,3
2023-09-18,2023,9,18,2,0,Autumn,September,Monday,3
2023-09-19,2023,9,19,3,0,Autumn,September,Tuesday,3
2023-09-20,2023,9,20,4,0,Autumn,September,Wednesday,3
2023-09-21,2023,9,21,5,0,Autumn,September,Thursday,3
2023-09-22,2023,9,22,6,0,Autumn,September,Friday,3
2023-09-23,2023,9,23,7,1,Autumn,September,Saturday,3
2023-09-24,2023,9,24,1,1,Autumn,September,Sunday,3
2023-09-25,2023,9,25,2,0,Autumn,September,Monday,3
2023-09-26,2023,9,26,3,0,Autumn,September,Tuesday,3
2023-09-27,2023,9,27,4,0,Autumn,September,Wednesday,3
2023-09-28,2023,9,28,5,0,Autumn,September,Thursday,3
2023-09-29,2023,9,29,6,0,Autumn,September,Friday,3
2023-09-30,2023,9,30,7,1,Autumn,September,Saturday,3
2023-10-01,2023,10,1,1,1,Autumn,October,Sunday,4
2023-10-02,2023,10,2,2,0,Autumn,October,Monday,4
2023-10-03,2023,10,3,3,0,Autumn,October,Tuesday,4
2023-10-04,2023,10,4,4,0,Autumn,October,Wednesday,4
2023-10-05,2023,10,5,5,0,Autumn,October,Thursday,4
2023-10-06,2023,10,6,6,0,Autumn,October,Friday,4
2023-10-07,2023,10,7,7,1,Autumn,October,Saturday,4
2023-10-08,2023,10,8,1,1,Autumn,October,Sunday,4
2023-10-09,2023,10,9,2,0,Autumn,October,Monday,4
2023-10-10,2023,10,10,3,0,Autumn,October,Tuesday,4
2023-10-11,2023,10,11,4,0,Autumn,October,Wednesday,4
2023-10-12,2023,10,12,5,0,Autumn,October,Thursday,4
2023-10-13,2023,10,13,6,0,Autumn,October,Friday,4
2023-10-14,2023,10,14,7,1,Autumn,October,Saturday,4
2023-10-15,2023,10,15,1,1,Autumn,October,Sunday,4
2023-10-16,2023,10,16,2,0,Autumn,October,Monday,4
2023-10-17,2023,10,17,3,0,Autumn,October,Tuesday,4
2023-10-18,2023,10,18,4,0,Autumn,October,Wednesday,4
2023-10-19,2023,10,19,5,0,Autumn,October,Thursday,4
2023-10-20,2023,10,20,6,0,Autumn,October,Friday,4
2023-10-21,2023,10,21,7,1,Autumn,October,Saturday,4
2023-10-22,2023,10,22,1,1,Autumn,October,Sunday,4
2023-10-23,2023,10,23,2,0,Autumn,October,Monday,4
2023-10-24,2023,10,24,3,0,Autumn,October,Tuesday,4
2023-10-25,2023,10,25,4,0,Autumn,October,Wednesday,4
2023-10-26,2023,10,26,5,0,Autumn,October,Thursday,4
2023-10-27,2023,10,27,6,0,Autumn,October,Friday,4
2023-10-28,2023,10,28,7,1,Autumn,October,Saturday,4
2023-10-29,2023,10,29,1,1,Autumn,October,Sunday,4
2023-10-30,2023,10,30,2,0,Autumn,October,Monday,4
2023-10-31,2023,10,31,3,0,Autumn,October,Tuesday,4
2023-11-01,2023,11,1,4,0,Autumn,November,Wednesday,4
2023-11-02,2023,11,2,5,0,Autumn,November,Thursday,4
2023-11-03,2023,11,3,6,0,Autumn,November,Friday,4
2023-11-04,2023,11,4,7,1,Autumn,November,Saturday,4
2023-11-05,2023,11,5,1,1,Autumn,November,Sunday,4
2023-11-06,2023,11,6,2,0,Autumn,November,Monday,4
2023-11-07,2023,11,7,3,0,Autumn,November,Tuesday,4
2023-11-08,2023,11,8,4,0,Autumn,November,Wednesday,4
2023-11-09,2023,11,9,5,0,Autumn,November,Thursday,4
2023-11-10,2023,11,10,6,0,Autumn,November,Friday,4
2023-11-11,2023,11,11,7,1,Autumn,November,Saturday,4
2023-11-12,2023,11,12,1,1,Autumn,November,Sunday,4
2023-11-13,2023,11,13,2,0,Autumn,November,Monday,4
2023-11-14,2023,11,14,3,0,Autumn,November,Tuesday,4
2023-11-15,2023,11,15,4,0,Autumn,November,Wednesday,4
2023-11-16,2023,11,16,5,0,Autumn,November,Thursday,4
2023-11-17,2023,11,17,6,0,Autumn,November,Friday,4
2023-11-18,2023,11,18,7,1,Autumn,November,Saturday,4
2023-11-19,2023,11,19,1,1,Autumn,November,Sunday,4
2023-11-20,2023,11,20,2,0,Autumn,November,Monday,4
2023-11-21,2023,11,21,3,0,Autumn,November,Tuesday,4
2023-11-22,2023,11,22,4,0,Autumn,November,Wednesday,4
2023-11-23,2023,11,23,5,0,Autumn,November,Thursday,4
2023-11-24,2023,11,24,6,0,Autumn,November,Friday,4
2023-11-25,2023,11,25,7,1,Autumn,November,Saturday,4
2023-11-26,2023,11,26,1,1,Autumn,November,Sunday,4
2023-11-27,2023,11,27,2,0,Autumn,November,Monday,4
2023-11-28,2023,11,28,3,0,Autumn,November,Tuesday,4
2023-11-29,2023,11,29,4,0,Autumn,November,Wednesday,4
2023-11-30,2023,11,30,5,0,Autumn,November,Thursday,4
2023-12-01,2023,12,1,6,0,Winter,December,Friday,4
2023-12-02,2023,12,2,7,1,Winter,December,Saturday,4
2023-12-03,2023,12,3,1,1,Winter,December,Sunday,4
2023-12-04,2023,12,4,2,0,Winter,December,Monday,4
2023-12-05,2023,12,5,3,0,Winter,December,Tuesday,4
2023-12-06,2023,12,6,4,0,Winter,December,Wednesday,4
2023-12-07,2023,12,7,5,0,Winter,December,Thursday,4
2023-12-08,2023,12,8,6,0,Winter,December,Friday,4
2023-12-09,2023,12,9,7,1,Winter,December,Saturday,4
2023-12-10,2023,12,10,1,1,Winter,December,Sunday,4
2023-12-11,2023,12,11,2,0,Winter,December,Monday,4
2023-12-12,2023,12,12,3,0,Winter,December,Tuesday,4
2023-12-13,2023,12,13,4,0,Winter,December,Wednesday,4
2023-12-14,2023,12,14,5,0,Winter,December,Thursday,4
2023-12-15,2023,12,15,6,0,Winter,December,Friday,4
2023-12-16,2023,12,16,7,1,Winter,December,Saturday,4
2023-12-17,2023,12,17,1,1,Winter,December,Sunday,4
2023-12-18,2023,12,18,2,0,Winter,December,Monday,4
2023-12-19,2023,12,19,3,0,Winter,December,Tuesday,4
2023-12-20,2023,12,20,4,0,Winter,December,Wednesday,4
2023-12-21,2023,12,21,5,0,Winter,December,Thursday,4
2023-12-22,2023,12,22,6,0,Winter,December,Friday,4
2023-12-23,2023,12,23,7,1,Winter,December,Saturday,4
2023-12-24,2023,12,24,1,1,Winter,December,Sunday,4
2023-12-25,2023,12,25,2,0,Winter,December,Monday,4
2023-12-26,2023,12,26,3,0,Winter,December,Tuesday,4
2023-12-27,2023,12,27,4,0,Winter,December,Wednesday,4
2023-12-28,2023,12,28,5,0,Winter,December,Thursday,4
2023-12-29,2023,12,29,6,0,Winter,December,Friday,4
2023-12-30,2023,12,30,7,1,Winter,December,Saturday,4
